{
  "timestamp": 1763086263,
  "params": {
    "s_initial": 12,
    "steps": 12,
    "num_runs": 100,
    "tau_mem": 8.0,
    "l_mem": 6,
    "seed": 42,
    "pythonhashseed": 0
  },
  "files": [
    "datatablePagecurve.dat",
    "datatableGtwo.dat",
    "datatableAblation.dat",
    "datatableAblationSig.dat",
    "datatablePTMPO.dat",
    "datatablePTMPOerror.dat",
    "datatablePTMPOscaling.dat",
    "datatableExactComb.dat",
    "datatableCVsummary.dat",
    "datatableQEC.dat"
  ]
}