trial,scenario,mode,batch_tokens,hidden_dim,expansion_dim,rank,basis_size,dtype,avg_ms
0,ffn,dense,1,2048,8192,0,0,float16,0.19761938601732254
0,swiglu,dense,1,2048,8192,0,0,float16,0.22324156016111374
0,moe_top2,dense,1,2048,8192,0,0,float16,0.5163144320249557
0,ffn,static_ephemeral,1,2048,8192,16,0,float16,0.1375008374452591
0,ffn,dynamic_ephemeral,1,2048,8192,16,8,float16,0.5988240242004395
0,swiglu,static_ephemeral,1,2048,8192,16,0,float16,0.20544379949569702
0,swiglu,dynamic_ephemeral,1,2048,8192,16,8,float16,0.8381929248571396
0,moe_top2,static_ephemeral,1,2048,8192,16,0,float16,0.4506053403019905
0,moe_top2,dynamic_ephemeral,1,2048,8192,16,8,float16,1.3655398041009903
0,ffn,static_ephemeral,1,2048,8192,32,0,float16,0.1396162435412407
0,ffn,dynamic_ephemeral,1,2048,8192,32,8,float16,0.44552162289619446
0,swiglu,static_ephemeral,1,2048,8192,32,0,float16,0.22507552057504654
0,swiglu,dynamic_ephemeral,1,2048,8192,32,8,float16,0.5406895652413368
0,moe_top2,static_ephemeral,1,2048,8192,32,0,float16,0.3406096249818802
0,moe_top2,dynamic_ephemeral,1,2048,8192,32,8,float16,0.7298707962036133
0,ffn,static_ephemeral,1,2048,8192,64,0,float16,0.07956121116876602
0,ffn,dynamic_ephemeral,1,2048,8192,64,8,float16,0.30460674315690994
0,swiglu,static_ephemeral,1,2048,8192,64,0,float16,0.12272931635379791
0,swiglu,dynamic_ephemeral,1,2048,8192,64,8,float16,0.36596525460481644
0,moe_top2,static_ephemeral,1,2048,8192,64,0,float16,0.3123914822936058
0,moe_top2,dynamic_ephemeral,1,2048,8192,64,8,float16,0.6330374628305435
0,ffn,dense,8,2048,8192,0,0,float16,0.05174260586500168
0,swiglu,dense,8,2048,8192,0,0,float16,0.08258670568466187
0,moe_top2,dense,8,2048,8192,0,0,float16,0.2985948696732521
0,ffn,static_ephemeral,8,2048,8192,16,0,float16,0.11420492082834244
0,ffn,dynamic_ephemeral,8,2048,8192,16,8,float16,0.3543388098478317
0,swiglu,static_ephemeral,8,2048,8192,16,0,float16,0.11773854494094849
0,swiglu,dynamic_ephemeral,8,2048,8192,16,8,float16,0.39397571235895157
0,moe_top2,static_ephemeral,8,2048,8192,16,0,float16,0.4018858075141907
0,moe_top2,dynamic_ephemeral,8,2048,8192,16,8,float16,0.7569916546344757
0,ffn,static_ephemeral,8,2048,8192,32,0,float16,0.08435621857643127
0,ffn,dynamic_ephemeral,8,2048,8192,32,8,float16,0.30048713088035583
0,swiglu,static_ephemeral,8,2048,8192,32,0,float16,0.38521550595760345
0,swiglu,dynamic_ephemeral,8,2048,8192,32,8,float16,0.4116596654057503
0,moe_top2,static_ephemeral,8,2048,8192,32,0,float16,0.31269825994968414
0,moe_top2,dynamic_ephemeral,8,2048,8192,32,8,float16,0.627332367002964
0,ffn,static_ephemeral,8,2048,8192,64,0,float16,0.19867587834596634
0,ffn,dynamic_ephemeral,8,2048,8192,64,8,float16,0.43688956648111343
0,swiglu,static_ephemeral,8,2048,8192,64,0,float16,0.1431688666343689
0,swiglu,dynamic_ephemeral,8,2048,8192,64,8,float16,0.4535410553216934
0,moe_top2,static_ephemeral,8,2048,8192,64,0,float16,0.35088565200567245
0,moe_top2,dynamic_ephemeral,8,2048,8192,64,8,float16,0.6944179534912109
0,ffn,dense,32,2048,8192,0,0,float16,0.07518567144870758
0,swiglu,dense,32,2048,8192,0,0,float16,0.09879749268293381
0,moe_top2,dense,32,2048,8192,0,0,float16,0.267532654106617
0,ffn,static_ephemeral,32,2048,8192,16,0,float16,0.08156578987836838
0,ffn,dynamic_ephemeral,32,2048,8192,16,8,float16,0.25334935635328293
0,swiglu,static_ephemeral,32,2048,8192,16,0,float16,0.1292198896408081
0,swiglu,dynamic_ephemeral,32,2048,8192,16,8,float16,0.42571406811475754
0,moe_top2,static_ephemeral,32,2048,8192,16,0,float16,0.3078656271100044
0,moe_top2,dynamic_ephemeral,32,2048,8192,16,8,float16,0.6345212459564209
0,ffn,static_ephemeral,32,2048,8192,32,0,float16,0.08049327880144119
0,ffn,dynamic_ephemeral,32,2048,8192,32,8,float16,0.2726679667830467
0,swiglu,static_ephemeral,32,2048,8192,32,0,float16,0.12654028832912445
0,swiglu,dynamic_ephemeral,32,2048,8192,32,8,float16,0.36791935563087463
0,moe_top2,static_ephemeral,32,2048,8192,32,0,float16,0.31717754900455475
0,moe_top2,dynamic_ephemeral,32,2048,8192,32,8,float16,0.6297003477811813
0,ffn,static_ephemeral,32,2048,8192,64,0,float16,0.0822136178612709
0,ffn,dynamic_ephemeral,32,2048,8192,64,8,float16,0.39099566638469696
0,swiglu,static_ephemeral,32,2048,8192,64,0,float16,0.12305825948715209
0,swiglu,dynamic_ephemeral,32,2048,8192,64,8,float16,0.546649657189846
0,moe_top2,static_ephemeral,32,2048,8192,64,0,float16,0.34307874739170074
0,moe_top2,dynamic_ephemeral,32,2048,8192,64,8,float16,0.6490275263786316
0,ffn,dense,1,4096,16384,0,0,float16,0.2929516136646271
0,swiglu,dense,1,4096,16384,0,0,float16,0.4424724727869034
0,moe_top2,dense,1,4096,16384,0,0,float16,0.8579796180129051
0,ffn,static_ephemeral,1,4096,16384,16,0,float16,0.09211339056491852
0,ffn,dynamic_ephemeral,1,4096,16384,16,8,float16,0.6163677200675011
0,swiglu,static_ephemeral,1,4096,16384,16,0,float16,0.15058033168315887
0,swiglu,dynamic_ephemeral,1,4096,16384,16,8,float16,0.6959037855267525
0,moe_top2,static_ephemeral,1,4096,16384,16,0,float16,0.37198346108198166
0,moe_top2,dynamic_ephemeral,1,4096,16384,16,8,float16,0.8817940950393677
0,ffn,static_ephemeral,1,4096,16384,32,0,float16,0.0773310661315918
0,ffn,dynamic_ephemeral,1,4096,16384,32,8,float16,0.40403734892606735
0,swiglu,static_ephemeral,1,4096,16384,32,0,float16,0.2330562099814415
0,swiglu,dynamic_ephemeral,1,4096,16384,32,8,float16,0.8125901222229004
0,moe_top2,static_ephemeral,1,4096,16384,32,0,float16,0.33166296780109406
0,moe_top2,dynamic_ephemeral,1,4096,16384,32,8,float16,0.9166546165943146
0,ffn,static_ephemeral,1,4096,16384,64,0,float16,0.09075533598661423
0,ffn,dynamic_ephemeral,1,4096,16384,64,8,float16,0.6000220775604248
0,swiglu,static_ephemeral,1,4096,16384,64,0,float16,0.46029575169086456
0,swiglu,dynamic_ephemeral,1,4096,16384,64,8,float16,0.7455645129084587
0,moe_top2,static_ephemeral,1,4096,16384,64,0,float16,0.4617542028427124
0,moe_top2,dynamic_ephemeral,1,4096,16384,64,8,float16,1.2395774945616722
0,ffn,dense,8,4096,16384,0,0,float16,0.345064140856266
0,swiglu,dense,8,4096,16384,0,0,float16,0.5321605131030083
0,moe_top2,dense,8,4096,16384,0,0,float16,0.9224200621247292
0,ffn,static_ephemeral,8,4096,16384,16,0,float16,0.08718837052583694
0,ffn,dynamic_ephemeral,8,4096,16384,16,8,float16,0.426521897315979
0,swiglu,static_ephemeral,8,4096,16384,16,0,float16,0.12751761823892593
0,swiglu,dynamic_ephemeral,8,4096,16384,16,8,float16,0.6011756137013435
0,moe_top2,static_ephemeral,8,4096,16384,16,0,float16,0.4473581910133362
0,moe_top2,dynamic_ephemeral,8,4096,16384,16,8,float16,0.9712550789117813
0,ffn,static_ephemeral,8,4096,16384,32,0,float16,0.09516142308712006
0,ffn,dynamic_ephemeral,8,4096,16384,32,8,float16,0.5919774994254112
0,swiglu,static_ephemeral,8,4096,16384,32,0,float16,0.15345700085163116
0,swiglu,dynamic_ephemeral,8,4096,16384,32,8,float16,0.6181074306368828
0,moe_top2,static_ephemeral,8,4096,16384,32,0,float16,0.3263629972934723
0,moe_top2,dynamic_ephemeral,8,4096,16384,32,8,float16,0.986156240105629
0,ffn,static_ephemeral,8,4096,16384,64,0,float16,0.08750408887863159
0,ffn,dynamic_ephemeral,8,4096,16384,64,8,float16,0.47837942838668823
0,swiglu,static_ephemeral,8,4096,16384,64,0,float16,0.14299284666776657
0,swiglu,dynamic_ephemeral,8,4096,16384,64,8,float16,0.7735872641205788
0,moe_top2,static_ephemeral,8,4096,16384,64,0,float16,0.32595768570899963
0,moe_top2,dynamic_ephemeral,8,4096,16384,64,8,float16,1.239144615828991
0,ffn,dense,32,4096,16384,0,0,float16,0.3069516271352768
0,swiglu,dense,32,4096,16384,0,0,float16,0.4930846393108368
0,moe_top2,dense,32,4096,16384,0,0,float16,0.7454374805092812
0,ffn,static_ephemeral,32,4096,16384,16,0,float16,0.08934438228607178
0,ffn,dynamic_ephemeral,32,4096,16384,16,8,float16,0.41681602597236633
0,swiglu,static_ephemeral,32,4096,16384,16,0,float16,0.13015959411859512
0,swiglu,dynamic_ephemeral,32,4096,16384,16,8,float16,0.6512708961963654
0,moe_top2,static_ephemeral,32,4096,16384,16,0,float16,0.300394743680954
0,moe_top2,dynamic_ephemeral,32,4096,16384,16,8,float16,0.9354362264275551
0,ffn,static_ephemeral,32,4096,16384,32,0,float16,0.19888710230588913
0,ffn,dynamic_ephemeral,32,4096,16384,32,8,float16,0.4684118553996086
0,swiglu,static_ephemeral,32,4096,16384,32,0,float16,0.12840032577514648
0,swiglu,dynamic_ephemeral,32,4096,16384,32,8,float16,0.8765986189246178
0,moe_top2,static_ephemeral,32,4096,16384,32,0,float16,0.32786130905151367
0,moe_top2,dynamic_ephemeral,32,4096,16384,32,8,float16,0.9480101987719536
0,ffn,static_ephemeral,32,4096,16384,64,0,float16,0.33859163522720337
0,ffn,dynamic_ephemeral,32,4096,16384,64,8,float16,0.5495775490999222
0,swiglu,static_ephemeral,32,4096,16384,64,0,float16,0.14930330216884613
0,swiglu,dynamic_ephemeral,32,4096,16384,64,8,float16,0.7963147014379501
0,moe_top2,static_ephemeral,32,4096,16384,64,0,float16,0.3065774217247963
0,moe_top2,dynamic_ephemeral,32,4096,16384,64,8,float16,1.142692007124424
0,ffn,dense,1,8192,32768,0,0,float16,1.4636335894465446
0,swiglu,dense,1,8192,32768,0,0,float16,2.1285373717546463
0,moe_top2,dense,1,8192,32768,0,0,float16,3.241158276796341
0,ffn,static_ephemeral,1,8192,32768,16,0,float16,0.11402107775211334
0,ffn,dynamic_ephemeral,1,8192,32768,16,8,float16,0.3920268267393112
0,swiglu,static_ephemeral,1,8192,32768,16,0,float16,0.2307439222931862
0,swiglu,dynamic_ephemeral,1,8192,32768,16,8,float16,0.5781721323728561
0,moe_top2,static_ephemeral,1,8192,32768,16,0,float16,0.3950875252485275
0,moe_top2,dynamic_ephemeral,1,8192,32768,16,8,float16,0.9957302361726761
0,ffn,static_ephemeral,1,8192,32768,32,0,float16,0.10984968394041061
0,ffn,dynamic_ephemeral,1,8192,32768,32,8,float16,0.4542415961623192
0,swiglu,static_ephemeral,1,8192,32768,32,0,float16,0.2168763428926468
0,swiglu,dynamic_ephemeral,1,8192,32768,32,8,float16,0.6185563281178474
0,moe_top2,static_ephemeral,1,8192,32768,32,0,float16,0.5371300503611565
0,moe_top2,dynamic_ephemeral,1,8192,32768,32,8,float16,1.2154888361692429
0,ffn,static_ephemeral,1,8192,32768,64,0,float16,0.09564831852912903
0,ffn,dynamic_ephemeral,1,8192,32768,64,8,float16,0.718093104660511
0,swiglu,static_ephemeral,1,8192,32768,64,0,float16,0.1813456416130066
0,swiglu,dynamic_ephemeral,1,8192,32768,64,8,float16,1.107862964272499
0,moe_top2,static_ephemeral,1,8192,32768,64,0,float16,0.4355126991868019
0,moe_top2,dynamic_ephemeral,1,8192,32768,64,8,float16,1.7871001735329628
0,ffn,dense,8,8192,32768,0,0,float16,1.550879329442978
0,swiglu,dense,8,8192,32768,0,0,float16,2.065981924533844
0,moe_top2,dense,8,8192,32768,0,0,float16,3.066061995923519
0,ffn,static_ephemeral,8,8192,32768,16,0,float16,0.1017371192574501
0,ffn,dynamic_ephemeral,8,8192,32768,16,8,float16,0.4472706466913223
0,swiglu,static_ephemeral,8,8192,32768,16,0,float16,0.26168450713157654
0,swiglu,dynamic_ephemeral,8,8192,32768,16,8,float16,0.7944110780954361
0,moe_top2,static_ephemeral,8,8192,32768,16,0,float16,0.6334580481052399
0,moe_top2,dynamic_ephemeral,8,8192,32768,16,8,float16,0.7616128772497177
0,ffn,static_ephemeral,8,8192,32768,32,0,float16,0.08447933942079544
0,ffn,dynamic_ephemeral,8,8192,32768,32,8,float16,0.43795257806777954
0,swiglu,static_ephemeral,8,8192,32768,32,0,float16,0.3999441862106323
0,swiglu,dynamic_ephemeral,8,8192,32768,32,8,float16,0.7612196728587151
0,moe_top2,static_ephemeral,8,8192,32768,32,0,float16,0.3339499235153198
0,moe_top2,dynamic_ephemeral,8,8192,32768,32,8,float16,0.937802717089653
0,ffn,static_ephemeral,8,8192,32768,64,0,float16,0.299597904086113
0,ffn,dynamic_ephemeral,8,8192,32768,64,8,float16,0.6493456661701202
0,swiglu,static_ephemeral,8,8192,32768,64,0,float16,0.17682109028100967
0,swiglu,dynamic_ephemeral,8,8192,32768,64,8,float16,1.097121648490429
0,moe_top2,static_ephemeral,8,8192,32768,64,0,float16,0.5810350179672241
0,moe_top2,dynamic_ephemeral,8,8192,32768,64,8,float16,1.3665450736880302
0,ffn,dense,32,8192,32768,0,0,float16,1.5493353828787804
0,swiglu,dense,32,8192,32768,0,0,float16,2.243358828127384
0,moe_top2,dense,32,8192,32768,0,0,float16,3.2050786539912224
0,ffn,static_ephemeral,32,8192,32768,16,0,float16,0.1498660072684288
0,ffn,dynamic_ephemeral,32,8192,32768,16,8,float16,0.37137139588594437
0,swiglu,static_ephemeral,32,8192,32768,16,0,float16,0.14332998543977737
0,swiglu,dynamic_ephemeral,32,8192,32768,16,8,float16,0.5980486050248146
0,moe_top2,static_ephemeral,32,8192,32768,16,0,float16,0.4189128056168556
0,moe_top2,dynamic_ephemeral,32,8192,32768,16,8,float16,0.7775340229272842
0,ffn,static_ephemeral,32,8192,32768,32,0,float16,0.08731670677661896
0,ffn,dynamic_ephemeral,32,8192,32768,32,8,float16,0.4494857043027878
0,swiglu,static_ephemeral,32,8192,32768,32,0,float16,0.13135559856891632
0,swiglu,dynamic_ephemeral,32,8192,32768,32,8,float16,0.5121832713484764
0,moe_top2,static_ephemeral,32,8192,32768,32,0,float16,0.305783748626709
0,moe_top2,dynamic_ephemeral,32,8192,32768,32,8,float16,0.7619895040988922
0,ffn,static_ephemeral,32,8192,32768,64,0,float16,0.08154325187206268
0,ffn,dynamic_ephemeral,32,8192,32768,64,8,float16,0.6092466413974762
0,swiglu,static_ephemeral,32,8192,32768,64,0,float16,0.1436123624444008
0,swiglu,dynamic_ephemeral,32,8192,32768,64,8,float16,1.1677540838718414
0,moe_top2,static_ephemeral,32,8192,32768,64,0,float16,0.3526007756590843
0,moe_top2,dynamic_ephemeral,32,8192,32768,64,8,float16,1.5235906466841698
1,ffn,dense,1,2048,8192,0,0,float16,0.10346099734306335
1,swiglu,dense,1,2048,8192,0,0,float16,0.10309126228094101
1,moe_top2,dense,1,2048,8192,0,0,float16,0.25260336697101593
1,ffn,static_ephemeral,1,2048,8192,16,0,float16,0.0837402418255806
1,ffn,dynamic_ephemeral,1,2048,8192,16,8,float16,0.29040221124887466
1,swiglu,static_ephemeral,1,2048,8192,16,0,float16,0.1276036724448204
1,swiglu,dynamic_ephemeral,1,2048,8192,16,8,float16,0.41583292186260223
1,moe_top2,static_ephemeral,1,2048,8192,16,0,float16,0.3201959654688835
1,moe_top2,dynamic_ephemeral,1,2048,8192,16,8,float16,0.641917809844017
1,ffn,static_ephemeral,1,2048,8192,32,0,float16,0.08704029023647308
1,ffn,dynamic_ephemeral,1,2048,8192,32,8,float16,0.3222469240427017
1,swiglu,static_ephemeral,1,2048,8192,32,0,float16,0.1298762857913971
1,swiglu,dynamic_ephemeral,1,2048,8192,32,8,float16,0.44453665614128113
1,moe_top2,static_ephemeral,1,2048,8192,32,0,float16,0.47945939004421234
1,moe_top2,dynamic_ephemeral,1,2048,8192,32,8,float16,0.7533159106969833
1,ffn,static_ephemeral,1,2048,8192,64,0,float16,0.08823182433843613
1,ffn,dynamic_ephemeral,1,2048,8192,64,8,float16,0.3509862348437309
1,swiglu,static_ephemeral,1,2048,8192,64,0,float16,0.11958051472902298
1,swiglu,dynamic_ephemeral,1,2048,8192,64,8,float16,0.5027150735259056
1,moe_top2,static_ephemeral,1,2048,8192,64,0,float16,0.3475252538919449
1,moe_top2,dynamic_ephemeral,1,2048,8192,64,8,float16,0.7523888722062111
1,ffn,dense,8,2048,8192,0,0,float16,0.07335320115089417
1,swiglu,dense,8,2048,8192,0,0,float16,0.6335578858852386
1,moe_top2,dense,8,2048,8192,0,0,float16,0.25838539004325867
1,ffn,static_ephemeral,8,2048,8192,16,0,float16,0.0810127705335617
1,ffn,dynamic_ephemeral,8,2048,8192,16,8,float16,0.5633801221847534
1,swiglu,static_ephemeral,8,2048,8192,16,0,float16,0.1806247979402542
1,swiglu,dynamic_ephemeral,8,2048,8192,16,8,float16,0.6094986572861671
1,moe_top2,static_ephemeral,8,2048,8192,16,0,float16,0.3294341266155243
1,moe_top2,dynamic_ephemeral,8,2048,8192,16,8,float16,0.7080692797899246
1,ffn,static_ephemeral,8,2048,8192,32,0,float16,0.07072221487760544
1,ffn,dynamic_ephemeral,8,2048,8192,32,8,float16,0.39428379386663437
1,swiglu,static_ephemeral,8,2048,8192,32,0,float16,0.1389848068356514
1,swiglu,dynamic_ephemeral,8,2048,8192,32,8,float16,0.4630357027053833
1,moe_top2,static_ephemeral,8,2048,8192,32,0,float16,0.2967536449432373
1,moe_top2,dynamic_ephemeral,8,2048,8192,32,8,float16,0.7307887077331543
1,ffn,static_ephemeral,8,2048,8192,64,0,float16,0.07357373833656311
1,ffn,dynamic_ephemeral,8,2048,8192,64,8,float16,0.36944691091775894
1,swiglu,static_ephemeral,8,2048,8192,64,0,float16,0.15515536069869995
1,swiglu,dynamic_ephemeral,8,2048,8192,64,8,float16,0.5011601373553276
1,moe_top2,static_ephemeral,8,2048,8192,64,0,float16,0.3523625433444977
1,moe_top2,dynamic_ephemeral,8,2048,8192,64,8,float16,0.9234055876731873
1,ffn,dense,32,2048,8192,0,0,float16,0.0770319253206253
1,swiglu,dense,32,2048,8192,0,0,float16,0.13200417160987854
1,moe_top2,dense,32,2048,8192,0,0,float16,0.260874442756176
1,ffn,static_ephemeral,32,2048,8192,16,0,float16,0.08508879691362381
1,ffn,dynamic_ephemeral,32,2048,8192,16,8,float16,0.29722563922405243
1,swiglu,static_ephemeral,32,2048,8192,16,0,float16,0.12369118630886078
1,swiglu,dynamic_ephemeral,32,2048,8192,16,8,float16,0.4330221563577652
1,moe_top2,static_ephemeral,32,2048,8192,16,0,float16,0.32496489584445953
1,moe_top2,dynamic_ephemeral,32,2048,8192,16,8,float16,0.6608942523598671
1,ffn,static_ephemeral,32,2048,8192,32,0,float16,0.07287971675395966
1,ffn,dynamic_ephemeral,32,2048,8192,32,8,float16,0.3230925649404526
1,swiglu,static_ephemeral,32,2048,8192,32,0,float16,0.10572448372840881
1,swiglu,dynamic_ephemeral,32,2048,8192,32,8,float16,0.4674101248383522
1,moe_top2,static_ephemeral,32,2048,8192,32,0,float16,0.31275730580091476
1,moe_top2,dynamic_ephemeral,32,2048,8192,32,8,float16,0.6758542731404305
1,ffn,static_ephemeral,32,2048,8192,64,0,float16,0.074797123670578
1,ffn,dynamic_ephemeral,32,2048,8192,64,8,float16,0.3724193200469017
1,swiglu,static_ephemeral,32,2048,8192,64,0,float16,0.12322086840867996
1,swiglu,dynamic_ephemeral,32,2048,8192,64,8,float16,0.4711514338850975
1,moe_top2,static_ephemeral,32,2048,8192,64,0,float16,0.29464010149240494
1,moe_top2,dynamic_ephemeral,32,2048,8192,64,8,float16,0.7533803582191467
1,ffn,dense,1,4096,16384,0,0,float16,0.30468497425317764
1,swiglu,dense,1,4096,16384,0,0,float16,0.4408355802297592
1,moe_top2,dense,1,4096,16384,0,0,float16,0.7367243990302086
1,ffn,static_ephemeral,1,4096,16384,16,0,float16,0.09608976542949677
1,ffn,dynamic_ephemeral,1,4096,16384,16,8,float16,0.4245297983288765
1,swiglu,static_ephemeral,1,4096,16384,16,0,float16,0.12550223618745804
1,swiglu,dynamic_ephemeral,1,4096,16384,16,8,float16,0.5552126094698906
1,moe_top2,static_ephemeral,1,4096,16384,16,0,float16,0.3525838255882263
1,moe_top2,dynamic_ephemeral,1,4096,16384,16,8,float16,0.8367747068405151
1,ffn,static_ephemeral,1,4096,16384,32,0,float16,0.07507633417844772
1,ffn,dynamic_ephemeral,1,4096,16384,32,8,float16,0.41685644537210464
1,swiglu,static_ephemeral,1,4096,16384,32,0,float16,0.14418531209230423
1,swiglu,dynamic_ephemeral,1,4096,16384,32,8,float16,0.5978615954518318
1,moe_top2,static_ephemeral,1,4096,16384,32,0,float16,0.3076443448662758
1,moe_top2,dynamic_ephemeral,1,4096,16384,32,8,float16,0.9292462840676308
1,ffn,static_ephemeral,1,4096,16384,64,0,float16,0.07979143410921097
1,ffn,dynamic_ephemeral,1,4096,16384,64,8,float16,0.5008906126022339
1,swiglu,static_ephemeral,1,4096,16384,64,0,float16,0.12388862669467926
1,swiglu,dynamic_ephemeral,1,4096,16384,64,8,float16,0.7481751963496208
1,moe_top2,static_ephemeral,1,4096,16384,64,0,float16,0.3014354035258293
1,moe_top2,dynamic_ephemeral,1,4096,16384,64,8,float16,1.305001974105835
1,ffn,dense,8,4096,16384,0,0,float16,0.30871350318193436
1,swiglu,dense,8,4096,16384,0,0,float16,0.40471330285072327
1,moe_top2,dense,8,4096,16384,0,0,float16,0.8581539615988731
1,ffn,static_ephemeral,8,4096,16384,16,0,float16,0.09384006261825562
1,ffn,dynamic_ephemeral,8,4096,16384,16,8,float16,0.4286600276827812
1,swiglu,static_ephemeral,8,4096,16384,16,0,float16,0.12514367699623108
1,swiglu,dynamic_ephemeral,8,4096,16384,16,8,float16,0.599932111799717
1,moe_top2,static_ephemeral,8,4096,16384,16,0,float16,0.31890738755464554
1,moe_top2,dynamic_ephemeral,8,4096,16384,16,8,float16,0.9363876655697823
1,ffn,static_ephemeral,8,4096,16384,32,0,float16,0.07842574268579483
1,ffn,dynamic_ephemeral,8,4096,16384,32,8,float16,0.46984031796455383
1,swiglu,static_ephemeral,8,4096,16384,32,0,float16,0.12765005230903625
1,swiglu,dynamic_ephemeral,8,4096,16384,32,8,float16,0.6362708285450935
1,moe_top2,static_ephemeral,8,4096,16384,32,0,float16,0.3100927919149399
1,moe_top2,dynamic_ephemeral,8,4096,16384,32,8,float16,1.0068748146295547
1,ffn,static_ephemeral,8,4096,16384,64,0,float16,0.08184611797332764
1,ffn,dynamic_ephemeral,8,4096,16384,64,8,float16,0.5105851218104362
1,swiglu,static_ephemeral,8,4096,16384,64,0,float16,0.13246126472949982
1,swiglu,dynamic_ephemeral,8,4096,16384,64,8,float16,0.7634146139025688
1,moe_top2,static_ephemeral,8,4096,16384,64,0,float16,0.3180399537086487
1,moe_top2,dynamic_ephemeral,8,4096,16384,64,8,float16,1.2354474514722824
1,ffn,dense,32,4096,16384,0,0,float16,0.3223177045583725
1,swiglu,dense,32,4096,16384,0,0,float16,0.48774294555187225
1,moe_top2,dense,32,4096,16384,0,0,float16,0.7377903908491135
1,ffn,static_ephemeral,32,4096,16384,16,0,float16,0.08448995649814606
1,ffn,dynamic_ephemeral,32,4096,16384,16,8,float16,0.4015563055872917
1,swiglu,static_ephemeral,32,4096,16384,16,0,float16,0.12274812906980513
1,swiglu,dynamic_ephemeral,32,4096,16384,16,8,float16,0.5880866199731827
1,moe_top2,static_ephemeral,32,4096,16384,16,0,float16,0.3199184313416481
1,moe_top2,dynamic_ephemeral,32,4096,16384,16,8,float16,0.8720895275473595
1,ffn,static_ephemeral,32,4096,16384,32,0,float16,0.08596070110797882
1,ffn,dynamic_ephemeral,32,4096,16384,32,8,float16,0.6179841235280037
1,swiglu,static_ephemeral,32,4096,16384,32,0,float16,0.13896189630031586
1,swiglu,dynamic_ephemeral,32,4096,16384,32,8,float16,0.6996344774961472
1,moe_top2,static_ephemeral,32,4096,16384,32,0,float16,0.316106341779232
1,moe_top2,dynamic_ephemeral,32,4096,16384,32,8,float16,1.102878898382187
1,ffn,static_ephemeral,32,4096,16384,64,0,float16,0.2312351018190384
1,ffn,dynamic_ephemeral,32,4096,16384,64,8,float16,0.740719772875309
1,swiglu,static_ephemeral,32,4096,16384,64,0,float16,0.2793300896883011
1,swiglu,dynamic_ephemeral,32,4096,16384,64,8,float16,0.7530119270086288
1,moe_top2,static_ephemeral,32,4096,16384,64,0,float16,0.31138379126787186
1,moe_top2,dynamic_ephemeral,32,4096,16384,64,8,float16,1.1285025626420975
1,ffn,dense,1,8192,32768,0,0,float16,1.4649620279669762
1,swiglu,dense,1,8192,32768,0,0,float16,1.9623247906565668
1,moe_top2,dense,1,8192,32768,0,0,float16,3.3953342586755753
1,ffn,static_ephemeral,1,8192,32768,16,0,float16,0.09014979004859924
1,ffn,dynamic_ephemeral,1,8192,32768,16,8,float16,0.3264099359512329
1,swiglu,static_ephemeral,1,8192,32768,16,0,float16,0.49268268048763275
1,swiglu,dynamic_ephemeral,1,8192,32768,16,8,float16,0.6074579432606697
1,moe_top2,static_ephemeral,1,8192,32768,16,0,float16,0.48793256282806396
1,moe_top2,dynamic_ephemeral,1,8192,32768,16,8,float16,0.8982550352811813
1,ffn,static_ephemeral,1,8192,32768,32,0,float16,0.092325359582901
1,ffn,dynamic_ephemeral,1,8192,32768,32,8,float16,0.3931453451514244
1,swiglu,static_ephemeral,1,8192,32768,32,0,float16,0.23128651082515717
1,swiglu,dynamic_ephemeral,1,8192,32768,32,8,float16,0.8347257971763611
1,moe_top2,static_ephemeral,1,8192,32768,32,0,float16,0.6086196750402451
1,moe_top2,dynamic_ephemeral,1,8192,32768,32,8,float16,1.0870566591620445
1,ffn,static_ephemeral,1,8192,32768,64,0,float16,0.10367762297391891
1,ffn,dynamic_ephemeral,1,8192,32768,64,8,float16,0.7886843755841255
1,swiglu,static_ephemeral,1,8192,32768,64,0,float16,0.22629909217357635
1,swiglu,dynamic_ephemeral,1,8192,32768,64,8,float16,0.9989794343709946
1,moe_top2,static_ephemeral,1,8192,32768,64,0,float16,0.475100614130497
1,moe_top2,dynamic_ephemeral,1,8192,32768,64,8,float16,1.54185239225626
1,ffn,dense,8,8192,32768,0,0,float16,1.4947948977351189
1,swiglu,dense,8,8192,32768,0,0,float16,2.0080650225281715
1,moe_top2,dense,8,8192,32768,0,0,float16,3.2950416207313538
1,ffn,static_ephemeral,8,8192,32768,16,0,float16,0.09515844285488129
1,ffn,dynamic_ephemeral,8,8192,32768,16,8,float16,0.515102781355381
1,swiglu,static_ephemeral,8,8192,32768,16,0,float16,0.4075096920132637
1,swiglu,dynamic_ephemeral,8,8192,32768,16,8,float16,0.7814006879925728
1,moe_top2,static_ephemeral,8,8192,32768,16,0,float16,0.43527428060770035
1,moe_top2,dynamic_ephemeral,8,8192,32768,16,8,float16,0.8984914049506187
1,ffn,static_ephemeral,8,8192,32768,32,0,float16,0.0924164429306984
1,ffn,dynamic_ephemeral,8,8192,32768,32,8,float16,0.5114082247018814
1,swiglu,static_ephemeral,8,8192,32768,32,0,float16,0.2659866586327553
1,swiglu,dynamic_ephemeral,8,8192,32768,32,8,float16,0.6070900708436966
1,moe_top2,static_ephemeral,8,8192,32768,32,0,float16,0.2817150205373764
1,moe_top2,dynamic_ephemeral,8,8192,32768,32,8,float16,0.897601805627346
1,ffn,static_ephemeral,8,8192,32768,64,0,float16,0.08792448788881302
1,ffn,dynamic_ephemeral,8,8192,32768,64,8,float16,0.8587956428527832
1,swiglu,static_ephemeral,8,8192,32768,64,0,float16,0.25381334125995636
1,swiglu,dynamic_ephemeral,8,8192,32768,64,8,float16,1.0223399847745895
1,moe_top2,static_ephemeral,8,8192,32768,64,0,float16,0.31449422240257263
1,moe_top2,dynamic_ephemeral,8,8192,32768,64,8,float16,1.3369100168347359
1,ffn,dense,32,8192,32768,0,0,float16,1.7874876037240028
1,swiglu,dense,32,8192,32768,0,0,float16,2.339068055152893
1,moe_top2,dense,32,8192,32768,0,0,float16,3.3520331606268883
1,ffn,static_ephemeral,32,8192,32768,16,0,float16,0.10411906987428665
1,ffn,dynamic_ephemeral,32,8192,32768,16,8,float16,0.49813222140073776
1,swiglu,static_ephemeral,32,8192,32768,16,0,float16,0.14318209141492844
1,swiglu,dynamic_ephemeral,32,8192,32768,16,8,float16,0.7145341485738754
1,moe_top2,static_ephemeral,32,8192,32768,16,0,float16,0.3365408629179001
1,moe_top2,dynamic_ephemeral,32,8192,32768,16,8,float16,1.382274366915226
1,ffn,static_ephemeral,32,8192,32768,32,0,float16,0.17351917922496796
1,ffn,dynamic_ephemeral,32,8192,32768,32,8,float16,0.49636270850896835
1,swiglu,static_ephemeral,32,8192,32768,32,0,float16,0.14617741107940674
1,swiglu,dynamic_ephemeral,32,8192,32768,32,8,float16,0.6661791354417801
1,moe_top2,static_ephemeral,32,8192,32768,32,0,float16,0.31037628650665283
1,moe_top2,dynamic_ephemeral,32,8192,32768,32,8,float16,1.4524325728416443
1,ffn,static_ephemeral,32,8192,32768,64,0,float16,0.16951598227024078
1,ffn,dynamic_ephemeral,32,8192,32768,64,8,float16,0.7440010085701942
1,swiglu,static_ephemeral,32,8192,32768,64,0,float16,0.14382079243659973
1,swiglu,dynamic_ephemeral,32,8192,32768,64,8,float16,1.1528072878718376
1,moe_top2,static_ephemeral,32,8192,32768,64,0,float16,0.35909581929445267
1,moe_top2,dynamic_ephemeral,32,8192,32768,64,8,float16,1.6604956239461899
2,ffn,dense,1,2048,8192,0,0,float16,0.0996910035610199
2,swiglu,dense,1,2048,8192,0,0,float16,0.08659716695547104
2,moe_top2,dense,1,2048,8192,0,0,float16,0.3398917615413666
2,ffn,static_ephemeral,1,2048,8192,16,0,float16,0.10814554989337921
2,ffn,dynamic_ephemeral,1,2048,8192,16,8,float16,0.41707009077072144
2,swiglu,static_ephemeral,1,2048,8192,16,0,float16,0.16090348362922668
2,swiglu,dynamic_ephemeral,1,2048,8192,16,8,float16,0.8114475756883621
2,moe_top2,static_ephemeral,1,2048,8192,16,0,float16,0.27925558388233185
2,moe_top2,dynamic_ephemeral,1,2048,8192,16,8,float16,0.6256483495235443
2,ffn,static_ephemeral,1,2048,8192,32,0,float16,0.07686112076044083
2,ffn,dynamic_ephemeral,1,2048,8192,32,8,float16,0.3041917458176613
2,swiglu,static_ephemeral,1,2048,8192,32,0,float16,0.1296520233154297
2,swiglu,dynamic_ephemeral,1,2048,8192,32,8,float16,0.8022569119930267
2,moe_top2,static_ephemeral,1,2048,8192,32,0,float16,0.3210069611668587
2,moe_top2,dynamic_ephemeral,1,2048,8192,32,8,float16,0.7968634366989136
2,ffn,static_ephemeral,1,2048,8192,64,0,float16,0.09556785225868225
2,ffn,dynamic_ephemeral,1,2048,8192,64,8,float16,0.5028827115893364
2,swiglu,static_ephemeral,1,2048,8192,64,0,float16,0.14813002198934555
2,swiglu,dynamic_ephemeral,1,2048,8192,64,8,float16,0.5931001156568527
2,moe_top2,static_ephemeral,1,2048,8192,64,0,float16,0.3036387264728546
2,moe_top2,dynamic_ephemeral,1,2048,8192,64,8,float16,0.9524794295430183
2,ffn,dense,8,2048,8192,0,0,float16,0.0719662755727768
2,swiglu,dense,8,2048,8192,0,0,float16,0.13693030923604965
2,moe_top2,dense,8,2048,8192,0,0,float16,0.2513401210308075
2,ffn,static_ephemeral,8,2048,8192,16,0,float16,0.7901264354586601
2,ffn,dynamic_ephemeral,8,2048,8192,16,8,float16,0.4072993993759155
2,swiglu,static_ephemeral,8,2048,8192,16,0,float16,0.14282353222370148
2,swiglu,dynamic_ephemeral,8,2048,8192,16,8,float16,0.43915845453739166
2,moe_top2,static_ephemeral,8,2048,8192,16,0,float16,0.3093358129262924
2,moe_top2,dynamic_ephemeral,8,2048,8192,16,8,float16,0.6839176639914513
2,ffn,static_ephemeral,8,2048,8192,32,0,float16,0.1756921410560608
2,ffn,dynamic_ephemeral,8,2048,8192,32,8,float16,0.33702049404382706
2,swiglu,static_ephemeral,8,2048,8192,32,0,float16,0.13140235096216202
2,swiglu,dynamic_ephemeral,8,2048,8192,32,8,float16,0.4444507881999016
2,moe_top2,static_ephemeral,8,2048,8192,32,0,float16,0.2995587885379791
2,moe_top2,dynamic_ephemeral,8,2048,8192,32,8,float16,0.7059544324874878
2,ffn,static_ephemeral,8,2048,8192,64,0,float16,0.07163193076848984
2,ffn,dynamic_ephemeral,8,2048,8192,64,8,float16,0.3590574488043785
2,swiglu,static_ephemeral,8,2048,8192,64,0,float16,0.11768005788326263
2,swiglu,dynamic_ephemeral,8,2048,8192,64,8,float16,0.5114080384373665
2,moe_top2,static_ephemeral,8,2048,8192,64,0,float16,0.29383525252342224
2,moe_top2,dynamic_ephemeral,8,2048,8192,64,8,float16,0.7743809372186661
2,ffn,dense,32,2048,8192,0,0,float16,0.07965415716171265
2,swiglu,dense,32,2048,8192,0,0,float16,0.112154521048069
2,moe_top2,dense,32,2048,8192,0,0,float16,0.24175718426704407
2,ffn,static_ephemeral,32,2048,8192,16,0,float16,0.07431581616401672
2,ffn,dynamic_ephemeral,32,2048,8192,16,8,float16,0.30934251844882965
2,swiglu,static_ephemeral,32,2048,8192,16,0,float16,0.12309066951274872
2,swiglu,dynamic_ephemeral,32,2048,8192,16,8,float16,0.4364956170320511
2,moe_top2,static_ephemeral,32,2048,8192,16,0,float16,0.2906138077378273
2,moe_top2,dynamic_ephemeral,32,2048,8192,16,8,float16,0.777779333293438
2,ffn,static_ephemeral,32,2048,8192,32,0,float16,0.0886743888258934
2,ffn,dynamic_ephemeral,32,2048,8192,32,8,float16,0.310564786195755
2,swiglu,static_ephemeral,32,2048,8192,32,0,float16,0.11817459017038345
2,swiglu,dynamic_ephemeral,32,2048,8192,32,8,float16,0.4573298618197441
2,moe_top2,static_ephemeral,32,2048,8192,32,0,float16,0.31878240406513214
2,moe_top2,dynamic_ephemeral,32,2048,8192,32,8,float16,0.6694311276078224
2,ffn,static_ephemeral,32,2048,8192,64,0,float16,0.08062012493610382
2,ffn,dynamic_ephemeral,32,2048,8192,64,8,float16,0.35099517554044724
2,swiglu,static_ephemeral,32,2048,8192,64,0,float16,0.11896379292011261
2,swiglu,dynamic_ephemeral,32,2048,8192,64,8,float16,0.5171593278646469
2,moe_top2,static_ephemeral,32,2048,8192,64,0,float16,0.28963610529899597
2,moe_top2,dynamic_ephemeral,32,2048,8192,64,8,float16,0.7998963817954063
2,ffn,dense,1,4096,16384,0,0,float16,0.2897588536143303
2,swiglu,dense,1,4096,16384,0,0,float16,0.4178505390882492
2,moe_top2,dense,1,4096,16384,0,0,float16,0.7193919271230698
2,ffn,static_ephemeral,1,4096,16384,16,0,float16,0.11443533003330231
2,ffn,dynamic_ephemeral,1,4096,16384,16,8,float16,0.580691359937191
2,swiglu,static_ephemeral,1,4096,16384,16,0,float16,0.14302264899015427
2,swiglu,dynamic_ephemeral,1,4096,16384,16,8,float16,0.5654539912939072
2,moe_top2,static_ephemeral,1,4096,16384,16,0,float16,0.42450595647096634
2,moe_top2,dynamic_ephemeral,1,4096,16384,16,8,float16,1.0905005037784576
2,ffn,static_ephemeral,1,4096,16384,32,0,float16,0.08120257407426834
2,ffn,dynamic_ephemeral,1,4096,16384,32,8,float16,0.5741382017731667
2,swiglu,static_ephemeral,1,4096,16384,32,0,float16,0.23825615644454956
2,swiglu,dynamic_ephemeral,1,4096,16384,32,8,float16,0.6985248997807503
2,moe_top2,static_ephemeral,1,4096,16384,32,0,float16,0.3654094412922859
2,moe_top2,dynamic_ephemeral,1,4096,16384,32,8,float16,0.9569449350237846
2,ffn,static_ephemeral,1,4096,16384,64,0,float16,0.0891534611582756
2,ffn,dynamic_ephemeral,1,4096,16384,64,8,float16,0.49294959753751755
2,swiglu,static_ephemeral,1,4096,16384,64,0,float16,0.4167633131146431
2,swiglu,dynamic_ephemeral,1,4096,16384,64,8,float16,0.7386548444628716
2,moe_top2,static_ephemeral,1,4096,16384,64,0,float16,0.3530878573656082
2,moe_top2,dynamic_ephemeral,1,4096,16384,64,8,float16,1.5595631673932076
2,ffn,dense,8,4096,16384,0,0,float16,0.29562972486019135
2,swiglu,dense,8,4096,16384,0,0,float16,0.5184577777981758
2,moe_top2,dense,8,4096,16384,0,0,float16,0.8947759866714478
2,ffn,static_ephemeral,8,4096,16384,16,0,float16,0.22371113300323486
2,ffn,dynamic_ephemeral,8,4096,16384,16,8,float16,0.5361121147871017
2,swiglu,static_ephemeral,8,4096,16384,16,0,float16,0.12619812041521072
2,swiglu,dynamic_ephemeral,8,4096,16384,16,8,float16,0.8792281150817871
2,moe_top2,static_ephemeral,8,4096,16384,16,0,float16,0.37115681916475296
2,moe_top2,dynamic_ephemeral,8,4096,16384,16,8,float16,0.8892552927136421
2,ffn,static_ephemeral,8,4096,16384,32,0,float16,0.10201763361692429
2,ffn,dynamic_ephemeral,8,4096,16384,32,8,float16,0.4020228981971741
2,swiglu,static_ephemeral,8,4096,16384,32,0,float16,0.13278424739837646
2,swiglu,dynamic_ephemeral,8,4096,16384,32,8,float16,0.5780745297670364
2,moe_top2,static_ephemeral,8,4096,16384,32,0,float16,0.2968939021229744
2,moe_top2,dynamic_ephemeral,8,4096,16384,32,8,float16,0.9054591879248619
2,ffn,static_ephemeral,8,4096,16384,64,0,float16,0.08167363703250885
2,ffn,dynamic_ephemeral,8,4096,16384,64,8,float16,0.4694974049925804
2,swiglu,static_ephemeral,8,4096,16384,64,0,float16,0.11765006929636002
2,swiglu,dynamic_ephemeral,8,4096,16384,64,8,float16,0.8016765117645264
2,moe_top2,static_ephemeral,8,4096,16384,64,0,float16,0.3159746527671814
2,moe_top2,dynamic_ephemeral,8,4096,16384,64,8,float16,1.1482957750558853
2,ffn,dense,32,4096,16384,0,0,float16,0.31079743057489395
2,swiglu,dense,32,4096,16384,0,0,float16,0.45737680047750473
2,moe_top2,dense,32,4096,16384,0,0,float16,0.7547419518232346
2,ffn,static_ephemeral,32,4096,16384,16,0,float16,0.08420385420322418
2,ffn,dynamic_ephemeral,32,4096,16384,16,8,float16,0.37682894617319107
2,swiglu,static_ephemeral,32,4096,16384,16,0,float16,0.13814829289913177
2,swiglu,dynamic_ephemeral,32,4096,16384,16,8,float16,0.6304644048213959
2,moe_top2,static_ephemeral,32,4096,16384,16,0,float16,0.3114033490419388
2,moe_top2,dynamic_ephemeral,32,4096,16384,16,8,float16,0.7935848087072372
2,ffn,static_ephemeral,32,4096,16384,32,0,float16,0.0845547765493393
2,ffn,dynamic_ephemeral,32,4096,16384,32,8,float16,0.47015566378831863
2,swiglu,static_ephemeral,32,4096,16384,32,0,float16,0.13486631214618683
2,swiglu,dynamic_ephemeral,32,4096,16384,32,8,float16,0.5759105086326599
2,moe_top2,static_ephemeral,32,4096,16384,32,0,float16,0.2992352470755577
2,moe_top2,dynamic_ephemeral,32,4096,16384,32,8,float16,0.8366838097572327
2,ffn,static_ephemeral,32,4096,16384,64,0,float16,0.08061323314905167
2,ffn,dynamic_ephemeral,32,4096,16384,64,8,float16,0.47021694481372833
2,swiglu,static_ephemeral,32,4096,16384,64,0,float16,0.12495256960391997
2,swiglu,dynamic_ephemeral,32,4096,16384,64,8,float16,0.8636089041829109
2,moe_top2,static_ephemeral,32,4096,16384,64,0,float16,0.41293539106845856
2,moe_top2,dynamic_ephemeral,32,4096,16384,64,8,float16,1.0779540985822678
2,ffn,dense,1,8192,32768,0,0,float16,1.4821933582425117
2,swiglu,dense,1,8192,32768,0,0,float16,2.033687010407448
2,moe_top2,dense,1,8192,32768,0,0,float16,3.214172087609768
2,ffn,static_ephemeral,1,8192,32768,16,0,float16,0.08396338671445847
2,ffn,dynamic_ephemeral,1,8192,32768,16,8,float16,0.48983357846736914
2,swiglu,static_ephemeral,1,8192,32768,16,0,float16,0.13256967067718506
2,swiglu,dynamic_ephemeral,1,8192,32768,16,8,float16,0.8353829383850098
2,moe_top2,static_ephemeral,1,8192,32768,16,0,float16,0.6927520036697388
2,moe_top2,dynamic_ephemeral,1,8192,32768,16,8,float16,0.896369107067585
2,ffn,static_ephemeral,1,8192,32768,32,0,float16,0.09063743054866791
2,ffn,dynamic_ephemeral,1,8192,32768,32,8,float16,0.5260193720459938
2,swiglu,static_ephemeral,1,8192,32768,32,0,float16,0.16206391155719757
2,swiglu,dynamic_ephemeral,1,8192,32768,32,8,float16,0.6185103207826614
2,moe_top2,static_ephemeral,1,8192,32768,32,0,float16,0.38214288651943207
2,moe_top2,dynamic_ephemeral,1,8192,32768,32,8,float16,1.0227605700492859
2,ffn,static_ephemeral,1,8192,32768,64,0,float16,0.08586179465055466
2,ffn,dynamic_ephemeral,1,8192,32768,64,8,float16,0.7412618026137352
2,swiglu,static_ephemeral,1,8192,32768,64,0,float16,0.14168750494718552
2,swiglu,dynamic_ephemeral,1,8192,32768,64,8,float16,0.9795462712645531
2,moe_top2,static_ephemeral,1,8192,32768,64,0,float16,0.4245968535542488
2,moe_top2,dynamic_ephemeral,1,8192,32768,64,8,float16,1.6046414151787758
2,ffn,dense,8,8192,32768,0,0,float16,1.3981422409415245
2,swiglu,dense,8,8192,32768,0,0,float16,2.119479514658451
2,moe_top2,dense,8,8192,32768,0,0,float16,3.0769338831305504
2,ffn,static_ephemeral,8,8192,32768,16,0,float16,0.20866245031356812
2,ffn,dynamic_ephemeral,8,8192,32768,16,8,float16,0.6140520796179771
2,swiglu,static_ephemeral,8,8192,32768,16,0,float16,0.1603059470653534
2,swiglu,dynamic_ephemeral,8,8192,32768,16,8,float16,0.7375197485089302
2,moe_top2,static_ephemeral,8,8192,32768,16,0,float16,0.52198376506567
2,moe_top2,dynamic_ephemeral,8,8192,32768,16,8,float16,1.1073654517531395
2,ffn,static_ephemeral,8,8192,32768,32,0,float16,0.09089820086956024
2,ffn,dynamic_ephemeral,8,8192,32768,32,8,float16,0.4783269017934799
2,swiglu,static_ephemeral,8,8192,32768,32,0,float16,0.13855677098035812
2,swiglu,dynamic_ephemeral,8,8192,32768,32,8,float16,0.6889859214425087
2,moe_top2,static_ephemeral,8,8192,32768,32,0,float16,0.4770420491695404
2,moe_top2,dynamic_ephemeral,8,8192,32768,32,8,float16,1.0060399770736694
2,ffn,static_ephemeral,8,8192,32768,64,0,float16,0.09399130940437317
2,ffn,dynamic_ephemeral,8,8192,32768,64,8,float16,0.7998904213309288
2,swiglu,static_ephemeral,8,8192,32768,64,0,float16,0.16186144202947617
2,swiglu,dynamic_ephemeral,8,8192,32768,64,8,float16,1.1640658602118492
2,moe_top2,static_ephemeral,8,8192,32768,64,0,float16,0.31728595495224
2,moe_top2,dynamic_ephemeral,8,8192,32768,64,8,float16,1.5616470947861671
2,ffn,dense,32,8192,32768,0,0,float16,1.6613759100437164
2,swiglu,dense,32,8192,32768,0,0,float16,2.4790147319436073
2,moe_top2,dense,32,8192,32768,0,0,float16,3.2832246273756027
2,ffn,static_ephemeral,32,8192,32768,16,0,float16,0.17472952604293823
2,ffn,dynamic_ephemeral,32,8192,32768,16,8,float16,0.4305969923734665
2,swiglu,static_ephemeral,32,8192,32768,16,0,float16,0.1608971506357193
2,swiglu,dynamic_ephemeral,32,8192,32768,16,8,float16,0.6253810599446297
2,moe_top2,static_ephemeral,32,8192,32768,16,0,float16,0.3156643360853195
2,moe_top2,dynamic_ephemeral,32,8192,32768,16,8,float16,0.8867556229233742
2,ffn,static_ephemeral,32,8192,32768,32,0,float16,0.1415608450770378
2,ffn,dynamic_ephemeral,32,8192,32768,32,8,float16,0.5543559789657593
2,swiglu,static_ephemeral,32,8192,32768,32,0,float16,0.24625808000564572
2,swiglu,dynamic_ephemeral,32,8192,32768,32,8,float16,0.8180472999811172
2,moe_top2,static_ephemeral,32,8192,32768,32,0,float16,0.6071202456951141
2,moe_top2,dynamic_ephemeral,32,8192,32768,32,8,float16,1.141267642378807
2,ffn,static_ephemeral,32,8192,32768,64,0,float16,0.09760037064552307
2,ffn,dynamic_ephemeral,32,8192,32768,64,8,float16,0.7573101669549942
2,swiglu,static_ephemeral,32,8192,32768,64,0,float16,0.3546668216586113
2,swiglu,dynamic_ephemeral,32,8192,32768,64,8,float16,1.258278451859951
2,moe_top2,static_ephemeral,32,8192,32768,64,0,float16,0.35516396164894104
2,moe_top2,dynamic_ephemeral,32,8192,32768,64,8,float16,1.7372211441397667
