scenario,mode,batch_tokens,hidden_dim,expansion_dim,rank,basis_size,dtype,trials,avg_ms,std_ms,min_ms,max_ms,ci95_ms
ffn,dense,1,2048,8192,0,0,float16,3,0.0657318780819575,0.017128611067117303,0.05444865673780441,0.08544139564037323,0.019382848092471372
ffn,dense,1,4096,16384,0,0,float16,3,0.27825844784577686,0.018145776845316784,0.26523247361183167,0.2989845350384712,0.020533879526745107
ffn,dense,1,8192,32768,0,0,float16,3,1.473052054643631,0.03149120357471837,1.440609060227871,1.5034962445497513,0.03563565152749916
ffn,dense,8,2048,8192,0,0,float16,3,0.06807254006465276,0.006379526751053824,0.06172563880681991,0.0744841992855072,0.007219114114565755
ffn,dense,8,4096,16384,0,0,float16,3,0.2694303169846535,0.026510908238478112,0.23924950510263443,0.288955494761467,0.02999991681557574
ffn,dense,8,8192,32768,0,0,float16,3,1.443832243482272,0.014493029382485718,1.430092379450798,1.4589762315154076,0.01640040665408852
ffn,dynamic_ephemeral,1,2048,8192,16,8,float16,3,0.274127038816611,0.009817660847464485,0.26281140744686127,0.28037969022989273,0.011109729100868297
ffn,dynamic_ephemeral,1,2048,8192,32,8,float16,3,0.29929690062999725,0.01936845062954517,0.2789739519357681,0.31754355877637863,0.021917465162117605
ffn,dynamic_ephemeral,1,2048,8192,64,8,float16,3,0.38361245145400363,0.08109468041416673,0.32811500132083893,0.47667864710092545,0.09176726971125304
ffn,dynamic_ephemeral,1,4096,16384,16,8,float16,3,0.3843340401848157,0.031002221452701678,0.35156775265932083,0.41320379823446274,0.03508231616633966
ffn,dynamic_ephemeral,1,4096,16384,32,8,float16,3,0.406071109076341,0.01914212435789526,0.38500092923641205,0.4223903641104698,0.021661352875748555
ffn,dynamic_ephemeral,1,4096,16384,64,8,float16,3,0.45270565897226334,0.062345707287102335,0.3818109631538391,0.49899015575647354,0.07055080933465126
ffn,dynamic_ephemeral,1,8192,32768,16,8,float16,3,0.3734851876894633,0.025158421485993294,0.3446107730269432,0.3906877711415291,0.028469433977955618
ffn,dynamic_ephemeral,1,8192,32768,32,8,float16,3,0.44293180108070374,0.030119182055702586,0.408158078789711,0.4608249291777611,0.03408306302055722
ffn,dynamic_ephemeral,1,8192,32768,64,8,float16,3,0.698184904952844,0.0535330505378416,0.6365429610013962,0.7330046966671944,0.0605783494315868
ffn,dynamic_ephemeral,8,2048,8192,16,8,float16,3,0.2856791640321414,0.015978220693106324,0.26749372482299805,0.2974683418869972,0.018081058835938923
ffn,dynamic_ephemeral,8,2048,8192,32,8,float16,3,0.3068206210931142,0.015944301008467256,0.28843358159065247,0.3168255090713501,0.018042675099386823
ffn,dynamic_ephemeral,8,2048,8192,64,8,float16,3,0.3400363028049469,0.018187166269873406,0.3192143514752388,0.3528153523802757,0.02058071606974747
ffn,dynamic_ephemeral,8,4096,16384,16,8,float16,3,0.40303611507018405,0.027450614629792203,0.37142764776945114,0.4208933562040329,0.03106329470202517
ffn,dynamic_ephemeral,8,4096,16384,32,8,float16,3,0.4237227762738864,0.026854306399462055,0.3929330036044121,0.44230297207832336,0.030388508416115012
ffn,dynamic_ephemeral,8,4096,16384,64,8,float16,3,0.4869564125935237,0.028283326299863843,0.4544060677289963,0.5055343732237816,0.03200559666349665
ffn,dynamic_ephemeral,8,8192,32768,16,8,float16,3,0.3778627763191859,0.02582985524132504,0.36085639148950577,0.4075855016708374,0.02922923279834783
ffn,dynamic_ephemeral,8,8192,32768,32,8,float16,3,0.43987495203812915,0.03905805020461345,0.40916427969932556,0.48383399844169617,0.044198344567324764
ffn,dynamic_ephemeral,8,8192,32768,64,8,float16,3,0.6893843412399292,0.047019071740805274,0.657171942293644,0.7433397695422173,0.053207088504136496
ffn,static_ephemeral,1,2048,8192,16,0,float16,3,0.07977522909641266,0.004405251890160007,0.07468890398740768,0.08237510919570923,0.004985011794678696
ffn,static_ephemeral,1,2048,8192,32,0,float16,3,0.08040436853965123,0.003915170852674895,0.07588434964418411,0.0827394425868988,0.004430432893601845
ffn,static_ephemeral,1,2048,8192,64,0,float16,3,0.08068674554427464,0.005270587798022616,0.07461626082658768,0.0840974971652031,0.005964231556592792
ffn,static_ephemeral,1,4096,16384,16,0,float16,3,0.08035581558942795,0.0022646443028322112,0.07883813232183456,0.08295886218547821,0.0025626862758035018
ffn,static_ephemeral,1,4096,16384,32,0,float16,3,0.08077888439098994,0.002804889506150146,0.07878877222537994,0.08398685604333878,0.0031740312743889693
ffn,static_ephemeral,1,4096,16384,64,0,float16,3,0.07974890371163686,0.00123259484525996,0.0783657655119896,0.08073113858699799,0.0013948123727966627
ffn,static_ephemeral,1,8192,32768,16,0,float16,3,0.09241364896297455,0.004776469362538464,0.08696746081113815,0.09589102119207382,0.005405083909585662
ffn,static_ephemeral,1,8192,32768,32,0,float16,3,0.09177109847466151,0.009456931952625175,0.08247904479503632,0.1013847067952156,0.010701525928769991
ffn,static_ephemeral,1,8192,32768,64,0,float16,3,0.0975409522652626,0.005884513915684751,0.0910535454750061,0.1025347039103508,0.006658954358810552
ffn,static_ephemeral,8,2048,8192,16,0,float16,3,0.07720403373241425,0.0017589734508638856,0.07547084242105484,0.07898770272731781,0.0019904658388931917
ffn,static_ephemeral,8,2048,8192,32,0,float16,3,0.07617790251970291,0.0012426199154129285,0.0749494880437851,0.07743425667285919,0.0014061568076215267
ffn,static_ephemeral,8,2048,8192,64,0,float16,3,0.07523794968922932,0.0032378192790921043,0.07170531898736954,0.07806438952684402,0.0036639374314475256
ffn,static_ephemeral,8,4096,16384,16,0,float16,3,0.08191031714280446,0.001815423942190835,0.08042678236961365,0.08393470197916031,0.0020543455833656535
ffn,static_ephemeral,8,4096,16384,32,0,float16,3,0.08206137766440709,0.0023804342758504443,0.07946845144033432,0.08414778858423233,0.002693714965102913
ffn,static_ephemeral,8,4096,16384,64,0,float16,3,0.08094329386949539,0.002746877674633968,0.0789538025856018,0.0840773805975914,0.0031083847071665537
ffn,static_ephemeral,8,8192,32768,16,0,float16,3,0.10862350463867188,0.01805139433742533,0.09269397705793381,0.12823045253753662,0.020427075664722776
ffn,static_ephemeral,8,8192,32768,32,0,float16,3,0.0939343124628067,0.008757028167473665,0.08730143308639526,0.1038605347275734,0.00990951023679243
ffn,static_ephemeral,8,8192,32768,64,0,float16,3,0.09003827969233195,0.0021370890288830557,0.08765403181314468,0.09178146719932556,0.002418343895171343
swiglu,dense,1,2048,8192,0,0,float16,3,0.09425804018974304,0.020635272879961853,0.0813780352473259,0.11805873364210129,0.023351009490012824
swiglu,dense,1,4096,16384,0,0,float16,3,0.43787937611341476,0.02121729733564145,0.4136977717280388,0.45337770134210587,0.02400963216328949
swiglu,dense,1,8192,32768,0,0,float16,3,2.0676620304584503,0.029517694797919117,2.039843238890171,2.0986266434192657,0.0334024161133742
swiglu,dense,8,2048,8192,0,0,float16,3,0.09422724445660909,0.006821134474726526,0.08875280618667603,0.10186862200498581,0.007718840297317513
swiglu,dense,8,4096,16384,0,0,float16,3,0.45874379575252533,0.02654438162506742,0.42825154960155487,0.4766864702105522,0.030037795518341473
swiglu,dense,8,8192,32768,0,0,float16,3,2.0073754092057547,0.03989133586400928,1.9711986184120178,2.050156891345978,0.04514129605886228
swiglu,dynamic_ephemeral,1,2048,8192,16,8,float16,3,0.3927234560251236,0.02486041243251896,0.36408044397830963,0.4086952656507492,0.028132204987756683
swiglu,dynamic_ephemeral,1,2048,8192,32,8,float16,3,0.41987312336762744,0.03086376247979742,0.3848101943731308,0.44292863458395004,0.034925635088794794
swiglu,dynamic_ephemeral,1,2048,8192,64,8,float16,3,0.5220261712869009,0.10667184872301,0.43175462633371353,0.6397372111678123,0.12071056032736234
swiglu,dynamic_ephemeral,1,4096,16384,16,8,float16,3,0.5546498422821363,0.021350547997388083,0.5324292927980423,0.5750084295868874,0.02416041948193055
swiglu,dynamic_ephemeral,1,4096,16384,32,8,float16,3,0.5697366471091906,0.045075112335711924,0.5176914855837822,0.5962507799267769,0.05100729135192077
swiglu,dynamic_ephemeral,1,4096,16384,64,8,float16,3,0.6086095546682676,0.10537467274746179,0.5474662408232689,0.7302852347493172,0.11924266752597094
swiglu,dynamic_ephemeral,1,8192,32768,16,8,float16,3,0.5408776924014091,0.040115057038910204,0.4945872351527214,0.5654765293002129,0.045394460400745115
swiglu,dynamic_ephemeral,1,8192,32768,32,8,float16,3,0.649701493481795,0.055770838300742726,0.5856301635503769,0.687352754175663,0.06311064467149521
swiglu,dynamic_ephemeral,1,8192,32768,64,8,float16,3,1.0270052899916966,0.06029208577662365,0.9586811065673828,1.0727427899837494,0.06822691782814984
swiglu,dynamic_ephemeral,8,2048,8192,16,8,float16,3,0.4064656173189481,0.02311687812171658,0.379788875579834,0.42061246931552887,0.026159210180537806
swiglu,dynamic_ephemeral,8,2048,8192,32,8,float16,3,0.4434988523523013,0.029131375879552585,0.41027478873729706,0.4646670073270798,0.03296525510361076
swiglu,dynamic_ephemeral,8,2048,8192,64,8,float16,3,0.4997675617535909,0.034848702541247556,0.4595493897795677,0.5210194736719131,0.03943501927447301
swiglu,dynamic_ephemeral,8,4096,16384,16,8,float16,3,0.5717643847068151,0.033140703821406006,0.5357122048735619,0.6009029224514961,0.03750223677394794
swiglu,dynamic_ephemeral,8,4096,16384,32,8,float16,3,0.597930575410525,0.03472543454419849,0.5581874400377274,0.622408464550972,0.03929552840436667
swiglu,dynamic_ephemeral,8,4096,16384,64,8,float16,3,0.7203834131360054,0.05841895263130414,0.6532620638608932,0.759759359061718,0.06610726813382051
swiglu,dynamic_ephemeral,8,8192,32768,16,8,float16,3,0.543156328300635,0.03828100801080609,0.5185173824429512,0.5872583016753197,0.043319038548582676
swiglu,dynamic_ephemeral,8,8192,32768,32,8,float16,3,0.634936181207498,0.05870050966992167,0.59389378875494,0.7021734490990639,0.06642587991661512
swiglu,dynamic_ephemeral,8,8192,32768,64,8,float16,3,1.0117422168453534,0.06767257485465979,0.9657332673668861,1.0894455015659332,0.07657872744582214
swiglu,static_ephemeral,1,2048,8192,16,0,float16,3,0.12748229006926218,0.010098326009777843,0.11622011661529541,0.13573039323091507,0.011427331630615281
swiglu,static_ephemeral,1,2048,8192,32,0,float16,3,0.1253641520937284,0.006176834667847879,0.11841487139463425,0.13022944331169128,0.006989746430114701
swiglu,static_ephemeral,1,2048,8192,64,0,float16,3,0.12549900760253271,0.008560312859229336,0.1200743019580841,0.13536736369132996,0.009686905909902007
swiglu,static_ephemeral,1,4096,16384,16,0,float16,3,0.12061931192874908,0.0038008786720605606,0.11624321341514587,0.12309718877077103,0.004301099115963693
swiglu,static_ephemeral,1,4096,16384,32,0,float16,3,0.12570594747861225,0.004844106009604839,0.12160204350948334,0.13104937970638275,0.005481621980911738
swiglu,static_ephemeral,1,4096,16384,64,0,float16,3,0.12311295916636786,0.0037692941868190627,0.11917613446712494,0.12668874114751816,0.00426535790629316
swiglu,static_ephemeral,1,8192,32768,16,0,float16,3,0.12853710601727167,0.008880267289928986,0.12107118964195251,0.1383572816848755,0.010048968432220005
swiglu,static_ephemeral,1,8192,32768,32,0,float16,3,0.1304246485233307,0.006403241155970799,0.12317020446062088,0.13528931885957718,0.00724594948996823
swiglu,static_ephemeral,1,8192,32768,64,0,float16,3,0.13174892713626227,0.011998949983401851,0.12351814657449722,0.1455165445804596,0.013578090125703433
swiglu,static_ephemeral,8,2048,8192,16,0,float16,3,0.11570211499929428,0.00439013364191854,0.11081229895353317,0.1193048432469368,0.004967903886282599
swiglu,static_ephemeral,8,2048,8192,32,0,float16,3,0.11931173503398895,0.0007862356454767782,0.11854618787765503,0.12011714279651642,0.0008897093886624943
swiglu,static_ephemeral,8,2048,8192,64,0,float16,3,0.12067854404449463,0.0024801513181918864,0.11835955083370209,0.12329332530498506,0.002806555421130618
swiglu,static_ephemeral,8,4096,16384,16,0,float16,3,0.1255792255202929,0.0058005233692547285,0.12076012790203094,0.13201721012592316,0.006563910108212668
swiglu,static_ephemeral,8,4096,16384,32,0,float16,3,0.12532689919074377,0.006173881749842706,0.12022946029901505,0.1321917399764061,0.006986404888824544
swiglu,static_ephemeral,8,4096,16384,64,0,float16,3,0.1268899068236351,0.006163444352390977,0.1223970204591751,0.13391636312007904,0.0069745938617368905
swiglu,static_ephemeral,8,8192,32768,16,0,float16,3,0.1357890044649442,0.007501861530835884,0.1271408051252365,0.14054253697395325,0.008489155477532736
swiglu,static_ephemeral,8,8192,32768,32,0,float16,3,0.1297249769171079,0.0077657279602732715,0.12084059417247772,0.13521946966648102,0.008787748451501666
swiglu,static_ephemeral,8,8192,32768,64,0,float16,3,0.13614961256583533,0.010936258052455468,0.12354832142591476,0.1431625336408615,0.01237554099980426
