trial,device,mode,batch_tokens,hidden_dim,expansion_dim,rank,dtype,avg_ms,tflops,bytes_gb,arithmetic_intensity
0,npu:0,dense,1,1024,4096,0,float16,0.026603415608406067,0.31532071383154997,0.008398848,0.9987807851743478
0,npu:0,ephemeral,1,1024,4096,16,float16,0.032765232026576996,0.005000422394906398,0.000174112,0.9410034920051461
0,npu:0,ephemeral,1,1024,4096,32,float16,0.031229667365550995,0.010492586941910858,0.000337984,0.9695133497443666
0,npu:0,ephemeral,1,1024,4096,64,float16,0.03452468663454056,0.018982359114140045,0.000665728,0.9844260719092482
0,npu:0,ephemeral,1,1024,4096,128,float16,0.0325692817568779,0.04024405603366447,0.001321216,0.9920558031389266
0,npu:0,dense,8,1024,4096,0,float16,0.02147182822227478,3.1254378204451894,0.008470528,7.922630560928433
0,npu:0,ephemeral,8,1024,4096,16,float16,0.034612417221069336,0.03786849071038402,0.000246016,5.327783558792924
0,npu:0,ephemeral,8,1024,4096,32,float16,0.032168254256248474,0.08149152201788515,0.000410112,6.392009987515605
0,npu:0,ephemeral,8,1024,4096,64,float16,0.034798868000507355,0.15066237211864364,0.000738304,7.10124826629681
0,npu:0,ephemeral,8,1024,4096,128,float16,0.03382749855518341,0.3099773985030076,0.001394688,7.518355359765051
0,npu:0,dense,32,1024,4096,0,float16,0.01986827701330185,13.510756660996922,0.008716288,30.796992481203006
0,npu:0,ephemeral,32,1024,4096,16,float16,0.03327876329421997,0.15754431598456095,0.000492544,10.644490644490645
0,npu:0,ephemeral,32,1024,4096,32,float16,0.033185817301273346,0.3159711241946016,0.000657408,15.950155763239875
0,npu:0,ephemeral,32,1024,4096,64,float16,0.03211274743080139,0.653059039722178,0.000987136,21.244813278008298
0,npu:0,ephemeral,32,1024,4096,128,float16,0.034048035740852356,1.2318784061212336,0.001646592,25.4726368159204
0,npu:0,dense,1,2048,8192,0,float16,0.025803782045841217,1.3003687575871443,0.033574912,0.9993900207392948
0,npu:0,ephemeral,1,2048,8192,16,float16,0.034870393574237823,0.009397083497276306,0.000348192,0.9410899733480379
0,npu:0,ephemeral,1,2048,8192,32,float16,0.03479979932308197,0.018832292505931596,0.000675904,0.9696051510273649
0,npu:0,ephemeral,1,2048,8192,64,float16,0.03681536763906479,0.03560252373004134,0.001331328,0.9845207191616191
0,npu:0,ephemeral,1,2048,8192,128,float16,0.03396347165107727,0.07718410022777669,0.002642176,0.9921519232632496
0,npu:0,dense,8,2048,8192,0,float16,0.029210373759269714,9.189730272274035,0.033718272,7.961127308066083
0,npu:0,ephemeral,8,2048,8192,16,float16,0.0339193269610405,0.07728455234418324,0.000491776,5.3305570015616865
0,npu:0,ephemeral,8,2048,8192,32,float16,0.03492385149002075,0.15012319020707432,0.000819712,6.396002498438476
0,npu:0,ephemeral,8,2048,8192,64,float16,0.03420785069465637,0.30653080468566196,0.001475584,7.10617626648161
0,npu:0,ephemeral,8,2048,8192,128,float16,0.03309212625026703,0.633731415183114,0.002787328,7.523879500367377
0,npu:0,dense,32,2048,8192,0,float16,0.02704523503780365,39.7017005952853,0.034209792,31.386973180076627
0,npu:0,ephemeral,32,2048,8192,16,float16,0.032919831573963165,0.3185241083764645,0.000984064,10.655567117585848
0,npu:0,ephemeral,32,2048,8192,32,float16,0.033656321465969086,0.6231079062281044,0.001312768,15.975039001560063
0,npu:0,ephemeral,32,2048,8192,64,float16,0.03263428807258606,1.285244522776448,0.001970176,21.28898128898129
0,npu:0,ephemeral,32,2048,8192,128,float16,0.03315247595310211,2.530311163445718,0.003284992,25.536159600997507
0,npu:0,dense,1,4096,16384,0,float16,0.08451640605926514,1.588067148831234,0.134258688,0.9996949173225944
0,npu:0,ephemeral,1,4096,16384,16,float16,0.03407355397939682,0.01923368488054622,0.000696352,0.9411332199806994
0,npu:0,ephemeral,1,4096,16384,32,float16,0.033685751259326935,0.03891022022663326,0.001351744,0.9696510581885327
0,npu:0,ephemeral,1,4096,16384,64,float16,0.035762786865234375,0.07330077518506667,0.002662528,0.9845680496129994
0,npu:0,ephemeral,1,4096,16384,128,float16,0.036245957016944885,0.1446473050097413,0.005284096,0.992199990310547
0,npu:0,dense,8,4096,16384,0,float16,0.0767165794968605,13.996216085780272,0.134545408,7.980516317584024
0,npu:0,ephemeral,8,4096,16384,16,float16,0.03532078117132187,0.1484361281413807,0.000983296,5.331944806040093
0,npu:0,ephemeral,8,4096,16384,32,float16,0.03358181565999985,0.31224517775225163,0.001638912,6.398000624804749
0,npu:0,ephemeral,8,4096,16384,64,float16,0.0351758673787117,0.5961905579815747,0.002950144,7.1086428323498785
0,npu:0,ephemeral,8,4096,16384,128,float16,0.04085041582584381,1.0267469535393308,0.005572608,7.526644615950018
0,npu:0,dense,32,4096,16384,0,float16,0.07741618901491165,55.47892954499113,0.135528448,31.690522243713733
0,npu:0,ephemeral,32,4096,16384,16,float16,0.035679154098033905,0.5877807512582154,0.001967104,10.661114003123373
0,npu:0,ephemeral,32,4096,16384,32,float16,0.03335680812597275,1.2574056798720414,0.002623488,15.987509758001561
0,npu:0,ephemeral,32,4096,16384,64,float16,0.0373324379324913,2.247002463425834,0.003936256,21.311134235171696
0,npu:0,ephemeral,32,4096,16384,128,float16,0.03527142107486725,4.75660336009389,0.006561792,25.56803995006242
1,npu:0,dense,1,1024,4096,0,float16,0.02283342182636261,0.36738286813914284,0.008398848,0.9987807851743478
1,npu:0,ephemeral,1,1024,4096,16,float16,0.03442242741584778,0.0047596875728923614,0.000174112,0.9410034920051461
1,npu:0,ephemeral,1,1024,4096,32,float16,0.033516623079776764,0.009776641257087602,0.000337984,0.9695133497443666
1,npu:0,ephemeral,1,1024,4096,64,float16,0.03358684480190277,0.019512401473414747,0.000665728,0.9844260719092482
1,npu:0,ephemeral,1,1024,4096,128,float16,0.03412477672100067,0.038409628602591624,0.001321216,0.9920558031389266
1,npu:0,dense,8,1024,4096,0,float16,0.019831769168376923,3.3839070750687013,0.008470528,7.922630560928433
1,npu:0,ephemeral,8,1024,4096,16,float16,0.03525000065565109,0.03718354540767568,0.000246016,5.327783558792924
1,npu:0,ephemeral,8,1024,4096,32,float16,0.038093142211437225,0.06881658607865984,0.000410112,6.392009987515605
1,npu:0,ephemeral,8,1024,4096,64,float16,0.03346540033817291,0.1566656889509735,0.000738304,7.10124826629681
1,npu:0,ephemeral,8,1024,4096,128,float16,0.03394242376089096,0.3089278501107476,0.001394688,7.518355359765051
1,npu:0,dense,32,1024,4096,0,float16,0.023887306451797485,11.23757743643803,0.008716288,30.796992481203006
1,npu:0,ephemeral,32,1024,4096,16,float16,0.034525059163570404,0.1518572343398646,0.000492544,10.644490644490645
1,npu:0,ephemeral,32,1024,4096,32,float16,0.03474876284599304,0.3017592323062845,0.000657408,15.950155763239875
1,npu:0,ephemeral,32,1024,4096,64,float16,0.03408845514059067,0.6152088709654743,0.000987136,21.244813278008298
1,npu:0,ephemeral,32,1024,4096,128,float16,0.03503374755382538,1.1972181947009601,0.001646592,25.4726368159204
1,npu:0,dense,1,2048,8192,0,float16,0.032218918204307556,1.0414512302127477,0.033574912,0.9993900207392948
1,npu:0,ephemeral,1,2048,8192,16,float16,0.035241805016994476,0.009298048151676242,0.000348192,0.9410899733480379
1,npu:0,ephemeral,1,2048,8192,32,float16,0.03504510968923569,0.01870046936110169,0.000675904,0.9696051510273649
1,npu:0,ephemeral,1,2048,8192,64,float16,0.0355403870344162,0.03687973343483119,0.001331328,0.9845207191616191
1,npu:0,ephemeral,1,2048,8192,128,float16,0.0384284183382988,0.06821618253768728,0.002642176,0.9921519232632496
1,npu:0,dense,8,2048,8192,0,float16,0.031245872378349304,8.591069333881125,0.033718272,7.961127308066083
1,npu:0,ephemeral,8,2048,8192,16,float16,0.03537368029356003,0.07410707560664101,0.000491776,5.3305570015616865
1,npu:0,ephemeral,8,2048,8192,32,float16,0.03361683338880539,0.15595996027829054,0.000819712,6.396002498438476
1,npu:0,ephemeral,8,2048,8192,64,float16,0.037080422043800354,0.2827842678708983,0.001475584,7.10617626648161
1,npu:0,ephemeral,8,2048,8192,128,float16,0.03384388983249664,0.6196545404146574,0.002787328,7.523879500367377
1,npu:0,dense,32,2048,8192,0,float16,0.028717145323753357,37.39027023385419,0.034209792,31.386973180076627
1,npu:0,ephemeral,32,2048,8192,16,float16,0.03363173454999924,0.31178171867440113,0.000984064,10.655567117585848
1,npu:0,ephemeral,32,2048,8192,32,float16,0.0332418829202652,0.6308764172686249,0.001312768,15.975039001560063
1,npu:0,ephemeral,32,2048,8192,64,float16,0.03555119037628174,1.1797928439544638,0.001970176,21.28898128898129
1,npu:0,ephemeral,32,2048,8192,128,float16,0.034197792410850525,2.4529676942943257,0.003284992,25.536159600997507
1,npu:0,dense,1,4096,16384,0,float16,0.08145943284034729,1.647663423621595,0.134258688,0.9996949173225944
1,npu:0,ephemeral,1,4096,16384,16,float16,0.036452338099479675,0.017978544975949147,0.000696352,0.9411332199806994
1,npu:0,ephemeral,1,4096,16384,32,float16,0.034336186945438385,0.03817313792247195,0.001351744,0.9696510581885327
1,npu:0,ephemeral,1,4096,16384,64,float16,0.04647187888622284,0.05640916749714542,0.002662528,0.9845680496129994
1,npu:0,ephemeral,1,4096,16384,128,float16,0.04236139357089996,0.12376552228446,0.005284096,0.992199990310547
1,npu:0,dense,8,4096,16384,0,float16,0.07566995918750763,14.189803133622732,0.134545408,7.980516317584024
1,npu:0,ephemeral,8,4096,16384,16,float16,0.03669634461402893,0.14287199597519745,0.000983296,5.331944806040093
1,npu:0,ephemeral,8,4096,16384,32,float16,0.048048049211502075,0.21823487471557632,0.001638912,6.398000624804749
1,npu:0,ephemeral,8,4096,16384,64,float16,0.03386940807104111,0.6191876739036071,0.002950144,7.1086428323498785
1,npu:0,ephemeral,8,4096,16384,128,float16,0.03621727228164673,1.158094946351187,0.005572608,7.526644615950018
1,npu:0,dense,32,4096,16384,0,float16,0.07746219635009766,55.445978791880535,0.135528448,31.690522243713733
1,npu:0,ephemeral,32,4096,16384,16,float16,0.03171414136886597,0.6612671538567307,0.001967104,10.661114003123373
1,npu:0,ephemeral,32,4096,16384,32,float16,0.03219377249479294,1.3028308504939556,0.002623488,15.987509758001561
1,npu:0,ephemeral,32,4096,16384,64,float16,0.03206022083759308,2.616515975511844,0.003936256,21.311134235171696
1,npu:0,ephemeral,32,4096,16384,128,float16,0.03457888960838318,4.851866612840162,0.006561792,25.56803995006242
2,npu:0,dense,1,1024,4096,0,float16,0.020129047334194183,0.41674143146108394,0.008398848,0.9987807851743478
2,npu:0,ephemeral,1,1024,4096,16,float16,0.03501772880554199,0.004678772884153192,0.000174112,0.9410034920051461
2,npu:0,ephemeral,1,1024,4096,32,float16,0.04032943397760391,0.008125083039399216,0.000337984,0.9695133497443666
2,npu:0,ephemeral,1,1024,4096,64,float16,0.033753737807273865,0.019415923763523787,0.000665728,0.9844260719092482
2,npu:0,ephemeral,1,1024,4096,128,float16,0.033793412148952484,0.03878625793165515,0.001321216,0.9920558031389266
2,npu:0,dense,8,1024,4096,0,float16,0.02080518752336502,3.225583231327964,0.008470528,7.922630560928433
2,npu:0,ephemeral,8,1024,4096,16,float16,0.031926482915878296,0.041054318555963684,0.000246016,5.327783558792924
2,npu:0,ephemeral,8,1024,4096,32,float16,0.03152675926685333,0.08314968176117407,0.000410112,6.392009987515605
2,npu:0,ephemeral,8,1024,4096,64,float16,0.032026506960392,0.16370439668878045,0.000738304,7.10124826629681
2,npu:0,ephemeral,8,1024,4096,128,float16,0.03130082041025162,0.33499952597299054,0.001394688,7.518355359765051
2,npu:0,dense,32,1024,4096,0,float16,0.01972801983356476,13.606811948926097,0.008716288,30.796992481203006
2,npu:0,ephemeral,32,1024,4096,16,float16,0.03142841160297394,0.16681975742941743,0.000492544,10.644490644490645
2,npu:0,ephemeral,32,1024,4096,32,float16,0.031201913952827457,0.3360614357136191,0.000657408,15.950155763239875
2,npu:0,ephemeral,32,1024,4096,64,float16,0.031033344566822055,0.6757737618271665,0.000987136,21.244813278008298
2,npu:0,ephemeral,32,1024,4096,128,float16,0.03362484276294708,1.2473824872786963,0.001646592,25.4726368159204
2,npu:0,dense,1,2048,8192,0,float16,0.02768486738204956,1.2120134634185091,0.033574912,0.9993900207392948
2,npu:0,ephemeral,1,2048,8192,16,float16,0.03330390900373459,0.009839085254624466,0.000348192,0.9410899733480379
2,npu:0,ephemeral,1,2048,8192,32,float16,0.03186166286468506,0.020568920171658404,0.000675904,0.9696051510273649
2,npu:0,ephemeral,1,2048,8192,64,float16,0.03149285912513733,0.04161959366064019,0.001331328,0.9845207191616191
2,npu:0,ephemeral,1,2048,8192,128,float16,0.031813234090805054,0.08240092763023023,0.002642176,0.9921519232632496
2,npu:0,dense,8,2048,8192,0,float16,0.04477091133594513,5.995755904671115,0.033718272,7.961127308066083
2,npu:0,ephemeral,8,2048,8192,16,float16,0.03354642540216446,0.07814364626255713,0.000491776,5.3305570015616865
2,npu:0,ephemeral,8,2048,8192,32,float16,0.032387301325798035,0.16188073057583824,0.000819712,6.396002498438476
2,npu:0,ephemeral,8,2048,8192,64,float16,0.03107376396656036,0.33744737236480643,0.001475584,7.10617626648161
2,npu:0,ephemeral,8,2048,8192,128,float16,0.03201570361852646,0.655038547641491,0.002787328,7.523879500367377
2,npu:0,dense,32,2048,8192,0,float16,0.027025118470191956,39.73125317412802,0.034209792,31.386973180076627
2,npu:0,ephemeral,32,2048,8192,16,float16,0.03262888640165329,0.32136432334597514,0.000984064,10.655567117585848
2,npu:0,ephemeral,32,2048,8192,32,float16,0.03139376640319824,0.6680154184323523,0.001312768,15.975039001560063
2,npu:0,ephemeral,32,2048,8192,64,float16,0.03150682896375656,1.3312364772808012,0.001970176,21.28898128898129
2,npu:0,ephemeral,32,2048,8192,128,float16,0.032283179461956024,2.5984454257008727,0.003284992,25.536159600997507
2,npu:0,dense,1,4096,16384,0,float16,0.09975545108318329,1.345467606457712,0.134258688,0.9996949173225944
2,npu:0,ephemeral,1,4096,16384,16,float16,0.03168173134326935,0.020685738190858956,0.000696352,0.9411332199806994
2,npu:0,ephemeral,1,4096,16384,32,float16,0.03257039934396744,0.040242675140633996,0.001351744,0.9696510581885327
2,npu:0,ephemeral,1,4096,16384,64,float16,0.03173183649778366,0.08261230011641768,0.002662528,0.9845680496129994
2,npu:0,ephemeral,1,4096,16384,128,float16,0.039262883365154266,0.13353272991287865,0.005284096,0.992199990310547
2,npu:0,dense,8,4096,16384,0,float16,0.0835685059428215,12.848642103697127,0.134545408,7.980516317584024
2,npu:0,ephemeral,8,4096,16384,16,float16,0.07132049649953842,0.07351154657250503,0.000983296,5.331944806040093
2,npu:0,ephemeral,8,4096,16384,32,float16,0.032741762697696686,0.32025642897771206,0.001638912,6.398000624804749
2,npu:0,ephemeral,8,4096,16384,64,float16,0.03416035324335098,0.6139140263159288,0.002950144,7.1086428323498785
2,npu:0,ephemeral,8,4096,16384,128,float16,0.03482624888420105,1.2043513540451234,0.005572608,7.526644615950018
2,npu:0,dense,32,4096,16384,0,float16,0.07786042988300323,55.16238868002426,0.135528448,31.690522243713733
2,npu:0,ephemeral,32,4096,16384,16,float16,0.03212783485651016,0.652752359244354,0.001967104,10.661114003123373
2,npu:0,ephemeral,32,4096,16384,32,float16,0.034635886549949646,1.2109705908498243,0.002623488,15.987509758001561
2,npu:0,ephemeral,32,4096,16384,64,float16,0.031931325793266296,2.6270778903170364,0.003936256,21.311134235171696
2,npu:0,ephemeral,32,4096,16384,128,float16,0.03439616411924362,4.8776415712627825,0.006561792,25.56803995006242
3,npu:0,dense,1,1024,4096,0,float16,0.021195970475673676,0.39576428027334204,0.008398848,0.9987807851743478
3,npu:0,ephemeral,1,1024,4096,16,float16,0.031807832419872284,0.005150932570231953,0.000174112,0.9410034920051461
3,npu:0,ephemeral,1,1024,4096,32,float16,0.03825537860393524,0.008565592916816469,0.000337984,0.9695133497443666
3,npu:0,ephemeral,1,1024,4096,64,float16,0.03280378878116608,0.019978180092912544,0.000665728,0.9844260719092482
3,npu:0,ephemeral,1,1024,4096,128,float16,0.032121315598487854,0.04080530250951812,0.001321216,0.9920558031389266
3,npu:0,dense,8,1024,4096,0,float16,0.01840386539697647,3.6464548372009484,0.008470528,7.922630560928433
3,npu:0,ephemeral,8,1024,4096,16,float16,0.03254581242799759,0.04027307669457503,0.000246016,5.327783558792924
3,npu:0,ephemeral,8,1024,4096,32,float16,0.0317547470331192,0.08255269668078037,0.000410112,6.392009987515605
3,npu:0,ephemeral,8,1024,4096,64,float16,0.031345710158348083,0.16725988894540011,0.000738304,7.10124826629681
3,npu:0,ephemeral,8,1024,4096,128,float16,0.0372888520359993,0.2812036152219668,0.001394688,7.518355359765051
3,npu:0,dense,32,1024,4096,0,float16,0.019102543592453003,14.052340972332761,0.008716288,30.796992481203006
3,npu:0,ephemeral,32,1024,4096,16,float16,0.031830184161663055,0.16471409569519974,0.000492544,10.644490644490645
3,npu:0,ephemeral,32,1024,4096,32,float16,0.031563080847263336,0.33221598521201273,0.000657408,15.950155763239875
3,npu:0,ephemeral,32,1024,4096,64,float16,0.03138277679681778,0.6682493437650971,0.000987136,21.244813278008298
3,npu:0,ephemeral,32,1024,4096,128,float16,0.031827762722969055,1.3178130164245279,0.001646592,25.4726368159204
3,npu:0,dense,1,2048,8192,0,float16,0.03097280859947205,1.0833512851195535,0.033574912,0.9993900207392948
3,npu:0,ephemeral,1,2048,8192,16,float16,0.031717680394649506,0.010331146411806229,0.000348192,0.9410899733480379
3,npu:0,ephemeral,1,2048,8192,32,float16,0.03261733800172806,0.02009238154153718,0.000675904,0.9696051510273649
3,npu:0,ephemeral,1,2048,8192,64,float16,0.03156736493110657,0.041521362421619586,0.001331328,0.9845207191616191
3,npu:0,ephemeral,1,2048,8192,128,float16,0.031164847314357758,0.0841152845562729,0.002642176,0.9921519232632496
3,npu:0,dense,8,2048,8192,0,float16,0.030521303415298462,8.795019411440002,0.033718272,7.961127308066083
3,npu:0,ephemeral,8,2048,8192,16,float16,0.03155432641506195,0.08307703880342374,0.000491776,5.3305570015616865
3,npu:0,ephemeral,8,2048,8192,32,float16,0.030545704066753384,0.17164050265603356,0.000819712,6.396002498438476
3,npu:0,ephemeral,8,2048,8192,64,float16,0.03248285502195358,0.3228090632092895,0.001475584,7.10617626648161
3,npu:0,ephemeral,8,2048,8192,128,float16,0.03266781568527222,0.6419627257005337,0.002787328,7.523879500367377
3,npu:0,dense,32,2048,8192,0,float16,0.027985312044620514,38.36804900685038,0.034209792,31.386973180076627
3,npu:0,ephemeral,32,2048,8192,16,float16,0.02973359078168869,0.3526570361780055,0.000984064,10.655567117585848
3,npu:0,ephemeral,32,2048,8192,32,float16,0.031234882771968838,0.6714134371210285,0.001312768,15.975039001560063
3,npu:0,ephemeral,32,2048,8192,64,float16,0.03083720803260803,1.3601438870746143,0.001970176,21.28898128898129
3,npu:0,ephemeral,32,2048,8192,128,float16,0.032762251794338226,2.560449157359101,0.003284992,25.536159600997507
3,npu:0,dense,1,4096,16384,0,float16,0.08344482630491257,1.6084607511741962,0.134258688,0.9996949173225944
3,npu:0,ephemeral,1,4096,16384,16,float16,0.047362782061100006,0.01383702501163377,0.000696352,0.9411332199806994
3,npu:0,ephemeral,1,4096,16384,32,float16,0.03115385770797729,0.04207247822359975,0.001351744,0.9696510581885327
3,npu:0,ephemeral,1,4096,16384,64,float16,0.03221184015274048,0.08138125569882963,0.002662528,0.9845680496129994
3,npu:0,ephemeral,1,4096,16384,128,float16,0.03160834312438965,0.16587013053381106,0.005284096,0.992199990310547
3,npu:0,dense,8,4096,16384,0,float16,0.07134322077035904,15.05036936103826,0.134545408,7.980516317584024
3,npu:0,ephemeral,8,4096,16384,16,float16,0.03174822777509689,0.16513929650311004,0.000983296,5.331944806040093
3,npu:0,ephemeral,8,4096,16384,32,float16,0.03419686108827591,0.3066293123492247,0.001638912,6.398000624804749
3,npu:0,ephemeral,8,4096,16384,64,float16,0.03215521574020386,0.6521965260453589,0.002950144,7.1086428323498785
3,npu:0,ephemeral,8,4096,16384,128,float16,0.03382675349712372,1.2399369038937305,0.005572608,7.526644615950018
3,npu:0,dense,32,4096,16384,0,float16,0.06791558116674423,63.23979302268104,0.135528448,31.690522243713733
3,npu:0,ephemeral,32,4096,16384,16,float16,0.03272686153650284,0.6408044956162027,0.001967104,10.661114003123373
3,npu:0,ephemeral,32,4096,16384,32,float16,0.032840482890605927,1.277174886243767,0.002623488,15.987509758001561
3,npu:0,ephemeral,32,4096,16384,64,float16,0.03352649509906769,2.502083195756801,0.003936256,21.311134235171696
3,npu:0,ephemeral,32,4096,16384,128,float16,0.0467425212264061,3.5892834960134974,0.006561792,25.56803995006242
4,npu:0,dense,1,1024,4096,0,float16,0.019332580268383026,0.4339104187617901,0.008398848,0.9987807851743478
4,npu:0,ephemeral,1,1024,4096,16,float16,0.03220997750759125,0.005086622614417728,0.000174112,0.9410034920051461
4,npu:0,ephemeral,1,1024,4096,32,float16,0.0331435352563858,0.009886694266776068,0.000337984,0.9695133497443666
4,npu:0,ephemeral,1,1024,4096,64,float16,0.03367401659488678,0.019461889797236516,0.000665728,0.9844260719092482
4,npu:0,ephemeral,1,1024,4096,128,float16,0.031600333750247955,0.04147804293331919,0.001321216,0.9920558031389266
4,npu:0,dense,8,1024,4096,0,float16,0.019188225269317627,3.4973981729987544,0.008470528,7.922630560928433
4,npu:0,ephemeral,8,1024,4096,16,float16,0.03151874989271164,0.0415854056541465,0.000246016,5.327783558792924
4,npu:0,ephemeral,8,1024,4096,32,float16,0.03240332007408142,0.08090035200117725,0.000410112,6.392009987515605
4,npu:0,ephemeral,8,1024,4096,64,float16,0.03213789314031601,0.1631370163908774,0.000738304,7.10124826629681
4,npu:0,ephemeral,8,1024,4096,128,float16,0.033144280314445496,0.31636710468653384,0.001394688,7.518355359765051
4,npu:0,dense,32,1024,4096,0,float16,0.02013612538576126,13.331038164363894,0.008716288,30.796992481203006
4,npu:0,ephemeral,32,1024,4096,16,float16,0.03221016377210617,0.1627709823860103,0.000492544,10.644490644490645
4,npu:0,ephemeral,32,1024,4096,32,float16,0.03177020698785782,0.330050100208901,0.000657408,15.950155763239875
4,npu:0,ephemeral,32,1024,4096,64,float16,0.03369729965925217,0.622350164911268,0.000987136,21.244813278008298
4,npu:0,ephemeral,32,1024,4096,128,float16,0.03241579979658127,1.2939073002426282,0.001646592,25.4726368159204
4,npu:0,dense,1,2048,8192,0,float16,0.026345811784267426,1.273615414653393,0.033574912,0.9993900207392948
4,npu:0,ephemeral,1,2048,8192,16,float16,0.031777285039424896,0.010311768283333822,0.000348192,0.9410899733480379
4,npu:0,ephemeral,1,2048,8192,32,float16,0.03242678940296173,0.020210449818388192,0.000675904,0.9696051510273649
4,npu:0,ephemeral,1,2048,8192,64,float16,0.032194145023822784,0.040712992969066365,0.001331328,0.9845207191616191
4,npu:0,ephemeral,1,2048,8192,128,float16,0.03371238708496094,0.07775895528826025,0.002642176,0.9921519232632496
4,npu:0,dense,8,2048,8192,0,float16,0.029523856937885284,9.09215406932626,0.033718272,7.961127308066083
4,npu:0,ephemeral,8,2048,8192,16,float16,0.032341666519641876,0.08105457393198758,0.000491776,5.3305570015616865
4,npu:0,ephemeral,8,2048,8192,32,float16,0.034229643642902374,0.15316782303362156,0.000819712,6.396002498438476
4,npu:0,ephemeral,8,2048,8192,64,float16,0.03146473318338394,0.333254375267907,0.001475584,7.10617626648161
4,npu:0,ephemeral,8,2048,8192,128,float16,0.03284979611635208,0.6384063975837199,0.002787328,7.523879500367377
4,npu:0,dense,32,2048,8192,0,float16,0.027692876756191254,38.77321353983006,0.034209792,31.386973180076627
4,npu:0,ephemeral,32,2048,8192,16,float16,0.03343392163515091,0.313626385633917,0.000984064,10.655567117585848
4,npu:0,ephemeral,32,2048,8192,32,float16,0.03149881958961487,0.6657874889671831,0.001312768,15.975039001560063
4,npu:0,ephemeral,32,2048,8192,64,float16,0.03233291208744049,1.2972243232088119,0.001970176,21.28898128898129
4,npu:0,ephemeral,32,2048,8192,128,float16,0.033360160887241364,2.5145586162949938,0.003284992,25.536159600997507
4,npu:0,dense,1,4096,16384,0,float16,0.06986986845731735,1.9209672347099376,0.134258688,0.9996949173225944
4,npu:0,ephemeral,1,4096,16384,16,float16,0.031002238392829895,0.021139118785421948,0.000696352,0.9411332199806994
4,npu:0,ephemeral,1,4096,16384,32,float16,0.03190264105796814,0.041084999753417874,0.001351744,0.9696510581885327
4,npu:0,ephemeral,1,4096,16384,64,float16,0.032445043325424194,0.08079631682740947,0.002662528,0.9845680496129994
4,npu:0,ephemeral,1,4096,16384,128,float16,0.03174375742673874,0.1651625524199527,0.005284096,0.992199990310547
4,npu:0,dense,8,4096,16384,0,float16,0.07405858486890793,14.498546331943075,0.134545408,7.980516317584024
4,npu:0,ephemeral,8,4096,16384,16,float16,0.03248210996389389,0.16140823381941086,0.000983296,5.331944806040093
4,npu:0,ephemeral,8,4096,16384,32,float16,0.03379248082637787,0.3102986150639459,0.001638912,6.398000624804749
4,npu:0,ephemeral,8,4096,16384,64,float16,0.03333780914545059,0.6290611332167236,0.002950144,7.1086428323498785
4,npu:0,ephemeral,8,4096,16384,128,float16,0.03307554870843887,1.2680980856803952,0.005572608,7.526644615950018
4,npu:0,dense,32,4096,16384,0,float16,0.08453410118818283,50.80751123666529,0.135528448,31.690522243713733
4,npu:0,ephemeral,32,4096,16384,16,float16,0.0317474827170372,0.6605726881377493,0.001967104,10.661114003123373
4,npu:0,ephemeral,32,4096,16384,32,float16,0.031792931258678436,1.3192567762543415,0.002623488,15.987509758001561
4,npu:0,ephemeral,32,4096,16384,64,float16,0.034300796687603,2.4456015049445816,0.003936256,21.311134235171696
4,npu:0,ephemeral,32,4096,16384,128,float16,0.0387437641620636,4.330300982068129,0.006561792,25.56803995006242
